isolate_id,column,tray,box,position,Organism,Project,Date Added,Added by,Strain,Status,Source
OAU SPEC 1,1,1,1,1,,,,,,,
OAU SPEC 2,1,1,1,2,,,,,,,
OAU SPEC 3,1,1,1,3,,,,,,,
OAU VOA-019,1,1,1,4,,,,,,,
OAU-E01-14/17,1,1,1,5,,,,,,,
OAU -E01-024,1,1,1,6,,,,,,,
OAU-AAA-087,1,1,1,7,,,,,,,
OAU-AAA-080,1,1,1,8,,,,,,,
OAU-AAA-068,1,1,1,9,,,,,,,
OAU-E01-063,1,1,1,10,,,,,,,
VC-BK5,1,1,1,11,,,,,,,
OAU-001-060,1,1,1,12,,,,,,,
VC-BK5,1,1,1,15,,,,,,,
B2,1,1,1,21,,,,,,,
OAU SPEC 3B,1,1,2,1,,,,,,,
OAU SPEC 4,1,1,2,2,,,,,,,
OAU-PO-610,1,1,2,3,,,,,,,
OAU-E01-213,1,1,2,4,,,,,,,
OAU-AAA-078,1,1,2,5,,,,,,,
OAU-AAA-090,1,1,2,6,,,,,,,
OAU-AAA-116,1,1,2,7,,,,,,,
OAU-AAA-105,1,1,2,8,,,,,,,
PO-601,1,1,2,9,,,,,,,
OAU-E01-063BB,1,1,2,10,,,,,,,
VC-4B,1,1,2,11,,,,,,,
VC-6,1,1,2,12,,,,,,,
VC-4B,1,1,2,13,,,,,,,
VC-6,1,1,2,14,,,,,,,
VC-BK4,1,1,2,15,,,,,,,
GHRU 6,1,1,2,22,,,,,,,
OAU-AAA-0499,1,1,3,1,,,,,,,
OAU-AAA-1279,1,1,3,2,,,,,,,
OAU-TOO-B019,1,1,3,3,,,,,,,
OAU-TOO-B018,1,1,3,4,,,,,,,
OAU-AAA-0599,1,1,3,5,,,,,,,
OAU-AAA-0849,1,1,3,6,,,,,,,
OAU-AAA-729,1,1,3,7,,,,,,,
OAU-KOA-014B,1,1,3,8,,,,,,,
OAU-TOO-B016,1,1,3,9,,,,,,,
UCH-PO-467A,1,1,3,10,,,,,,,
UCH-P0467B,1,1,3,11,,,,,,,
UCH-P0557B,1,1,3,12,,,,,,,
UCH-PO-409(D),1,1,3,13,,,,,,,
UCH-0663A,1,1,3,14,,,,,,,
UCH-P0523B,1,1,3,15,,,,,,,
UCH-P1734(D),1,1,3,16,,,,,,,
UCH-P0956(D),1,1,3,17,,,,,,,
UCH-P0183(D),1,1,3,18,,,,,,,
UCH-P1430,1,1,3,19,,,,,,,
UCH-P0467A,1,1,3,20,,,,,,,
UCH-P1649(D),1,1,3,21,,,,,,,
UCH-PO-467A,1,1,3,22,,,,,,,
UCH-P1655(D),1,1,3,23,,,,,,,
OAU-AAA-0869,1,1,4,1,,,,,,,
OAU-VOA-025B,1,1,4,2,,,,,,,
OAU-VOA-022A,1,1,4,3,,,,,,,
OAU-AAA-037,1,1,4,4,,,,,,,
OAU-VOA-025A,1,1,4,5,,,,,,,
OAU-VOA-022A,1,1,4,6,,,,,,,
OAU-VOA-0225,1,1,4,7,,,,,,,
OAU-VOA-022B,1,1,4,8,,,,,,,
OAU-VOA-037A,1,1,4,9,,,,,,,
UCH-P103B,1,1,4,10,,,,,,,
UCH-P0557,1,1,4,11,,,,,,,
UCH-P1655(D),1,1,4,12,,,,,,,
UCH-P1336B,1,1,4,13,,,,,,,
UCH-P0495A,1,1,4,14,,,,,,,
UCH-P0495B,1,1,4,15,,,,,,,
UCH-P1655(D),1,1,4,16,,,,,,,
UCH-P0409D,1,1,4,17,,,,,,,
UCH-P0523A,1,1,4,18,,,,,,,
UCH-P0183(D),1,1,4,19,,,,,,,
UCH-P0224(D),1,1,4,20,,,,,,,
UCH-P1418,1,1,4,21,,,,,,,
UCH P1436a,1,2,1,1,,,,,,,
P0745b,1,2,1,2,,,,,,,
P0926,1,2,1,3,,,,,,,
P103a,1,2,1,4,,,,,,,
P0745b,1,2,1,5,,,,,,,
P1815,1,2,1,6,,,,,,,
P0319b,1,2,1,7,,,,,,,
P1957a,1,2,1,8,,,,,,,
P0515a,1,2,1,9,,,,,,,
P0783,1,2,1,10,,,,,,,
P01129,1,2,1,11,,,,,,,
P0893,1,2,1,12,,,,,,,
P0082,1,2,1,13,,,,,,,
P0875,1,2,1,14,,,,,,,
P0373a,1,2,1,15,,,,,,,
P1563a,1,2,1,16,,,,,,,
P0409a,1,2,1,17,,,,,,,
P15839,1,2,1,18,,,,,,,
P1752,1,2,1,19,,,,,,,
P1761,1,2,1,20,,,,,,,
P1438a,1,2,1,21,,,,,,,
P1927D,1,2,1,22,,,,,,,
P568D,1,2,1,23,,,,,,,
P2222,1,2,1,24,,,,,,,
P0465b,1,2,2,1,,,,,,,
P1622,1,2,2,2,,,,,,,
P1698b,1,2,2,3,,,,,,,
PF698b,1,2,2,4,,,,,,,
P0745a,1,2,2,5,,,,,,,
P0319a,1,2,2,6,,,,,,,
P0824,1,2,2,7,,,,,,,
P0212,1,2,2,8,,,,,,,
P0877,1,2,2,9,,,,,,,
P1788,1,2,2,10,,,,,,,
P0465a,1,2,2,11,,,,,,,
P0465b,1,2,2,12,,,,,,,
P01119a,1,2,2,13,,,,,,,
P0409b,1,2,2,14,,,,,,,
P0409a,1,2,2,15,,,,,,,
P1462b,1,2,2,16,,,,,,,
P0643a,1,2,2,17,,,,,,,
P1462a,1,2,2,18,,,,,,,
P14386,1,2,2,19,,,,,,,
P0591,1,2,2,20,,,,,,,
P0342b,1,2,2,21,,,,,,,
P1054,1,2,2,22,,,,,,,
P1927D,1,2,2,23,,,,,,,
P1123b,1,2,2,24,,,,,,,
B2,1,2,3,9,,,,,,,
GHRU 7,1,2,3,12,,,,,,,
Kleb pneumo Verified 1 Retrospective,1,2,3,14,,,,,,,
UCH P01106b,1,2,3,16,,,,,,,
UCH P0124b,1,2,3,17,,,,,,,
UCH P0813a,1,2,3,18,,,,,,,
UCH P0931a,1,2,3,19,,,,,,,
UCH P549b,1,2,3,20,,,,,,,
UCH P0267a,1,2,3,21,,,,,,,
UCH 945,1,2,3,22,,,,,,,
UCH P1549D,1,2,3,23,,,,,,,
UCH P0107,1,2,3,24,,,,,,,
UCH P0813b,1,2,4,16,,,,,,,
UCH P0071b,1,2,4,17,,,,,,,
UCH P0813b,1,2,4,18,,,,,,,
UCH P01062c,1,2,4,19,,,,,,,
UCH P0267b,1,2,4,20,,,,,,,
UCH P0485b,1,2,4,21,,,,,,,
UCH P1547,1,2,4,22,,,,,,,
OAU VOA 044,1,2,4,23,,,,,,,
OAU AAA 114,1,2,4,24,,,,,,,
UCH P0426,1,3,1,1,,,,,,,
UCH P953b,1,3,1,2,,,,,,,
UCH P504a,1,3,1,3,,,,,,,
OAU AAA 046b,1,3,1,4,,,,,,,
OAU AAA 0026,1,3,1,5,,,,,,,
OAU AAA 008ai,1,3,1,6,,,,,,,
N300 03,1,3,1,7,,,,,,,
N200 69,1,3,1,8,,,,,,,
N100 60d,1,3,1,9,,,,,,,
N300 4,1,3,1,10,,,,,,,
N100 60,1,3,1,11,,,,,,,
N300 60,1,3,1,12,,,,,,,
N300 10d,1,3,1,13,,,,,,,
N300 60,1,3,1,14,,,,,,,
N200 70,1,3,1,15,,,,,,,
109185,1,3,1,16,,,,,,,
1091s4,1,3,1,17,,,,,,,
1091 s2,1,3,1,18,,,,,,,
2018 s2,1,3,1,19,,,,,,,
1137 53,1,3,1,20,,,,,,,
1024 s3,1,3,1,21,,,,,,,
UCH P0426a,1,3,2,1,,,,,,,
UCH P054a,1,3,2,2,,,,,,,
OAU AAA 002,1,3,2,3,,,,,,,
UI ERK 16Eii,1,3,2,4,,,,,,,
OAU OFO 022b,1,3,2,5,,,,,,,
OAU AAA 063a,1,3,2,6,,,,,,,
N200 70D,1,3,2,7,,,,,,,
N100 64,1,3,2,8,,,,,,,
N300 03,1,3,2,9,,,,,,,
N200 70,1,3,2,10,,,,,,,
N200 39,1,3,2,11,,,,,,,
N200 48,1,3,2,12,,,,,,,
3038 s1,1,3,2,13,,,,,,,
1191s4,1,3,2,14,,,,,,,
3038s4,1,3,2,15,,,,,,,
3061 sia,1,3,2,16,,,,,,,
5116s3,1,3,2,17,,,,,,,
5071s4,1,3,2,18,,,,,,,
1024 s4,1,3,2,19,,,,,,,
BOX 2,1,3,3,2,,,,,,,
GHRU Proteus Verified Retrospective,1,3,3,4,,,,,,,
UCH P1660b,1,3,3,7,,,,,,,
UCH P184c,1,3,3,8,,,,,,,
UCH P0547b,1,3,3,9,,,,,,,
BOX 3,1,3,3,17,,,,,,,
"CHECK C1T1, BOX 4",1,3,3,19,,,,,,,
UCH P672,1,3,4,7,,,,,,,
UCH P960,1,3,4,8,,,,,,,
EOI 170,1,3,4,9,,,,,,,
UCH P1593b,1,4,1,1,,,,,,,
UCH P1386a,1,4,1,2,,,,,,,
UCH P1386b,1,4,1,3,,,,,,,
UI ERK 9J,1,4,1,4,,,,,,,
OAU VOA 178a,1,4,1,5,,,,,,,
OAU AAA 048b,1,4,1,6,,,,,,,
OAU VOA 006,1,4,1,7,,,,,,,
OAU AAA 117,1,4,1,8,,,,,,,
OAU VOA 079,1,4,1,9,,,,,,,
BOX 2,1,4,1,18,,,,,,,
GHRU E.coli Verified 2,1,4,1,19,,,,,,,
UI ERK 13Jii,1,4,1,22,,,,,,,
OAU OFO 363b,1,4,1,23,,,,,,,
OAU AAA 079b,1,4,1,24,,,,,,,
UCH P0847c,1,4,2,1,,,,,,,
UCH P01118b,1,4,2,2,,,,,,,
UCH P0074,1,4,2,3,,,,,,,
UI ERK 11G,1,4,2,4,,,,,,,
OAU VOA 105,1,4,2,5,,,,,,,
OAU AAA 045,1,4,2,6,,,,,,,
OAU EOI 073,1,4,2,7,,,,,,,
OAU OFO 542,1,4,2,22,,,,,,,
OAU OFO 91,1,4,2,23,,,,,,,
OAU OFO 501,1,4,2,24,,,,,,,
UI ERK 12H,1,4,3,1,,,,,,,
UI ERK 13E,1,4,3,2,,,,,,,
UI ERK 9F,1,4,3,3,,,,,,,
OAU OFO 726,1,4,3,4,,,,,,,
OAU OFO 556ii,1,4,3,5,,,,,,,
UI ERK 13H,1,4,3,6,,,,,,,
OAU E80 098,1,4,3,7,,,,,,,
OSO AOA 391,1,4,3,8,,,,,,,
OSO AOA 358,1,4,3,9,,,,,,,
OSO AOA 266,1,4,3,10,,,,,,,
OSO AOA 39,1,4,3,11,,,,,,,
OSO AOA 247,1,4,3,12,,,,,,,
OSO AOA 321,1,4,3,13,,,,,,,
OSO AOA 296,1,4,3,14,,,,,,,
OSO AOA 18,1,4,3,15,,,,,,,
OSO AOA 292,1,4,3,16,,,,,,,
OSO AOA 392,1,4,3,17,,,,,,,
OSO AOA 333,1,4,3,18,,,,,,,
OSO AOA 72B,1,4,3,19,,,,,,,
OSO AOA 282,1,4,3,20,,,,,,,
UCH OGU P718,1,4,3,21,,,,,,,
UI ERK 10F,1,4,4,1,,,,,,,
OAU VOA 001,1,4,4,2,,,,,,,
OAU VOA 056,1,4,4,3,,,,,,,
UI ERK 4A,1,4,4,4,,,,,,,
EOI 054,1,4,4,5,,,,,,,
EOI 0546,1,4,4,6,,,,,,,
OSO AAA 352,1,4,4,7,,,,,,,
OSO AAA 429,1,4,4,8,,,,,,,
OSO AAA 169,1,4,4,9,,,,,,,
OSO AOA 436,1,4,4,10,,,,,,,
OSO AOA 300,1,4,4,11,,,,,,,
OSO AOA 100,1,4,4,12,,,,,,,
OSO AOA 0240,1,4,4,13,,,,,,,
OSO AOA 45D,1,4,4,14,,,,,,,
OSO AOA 86,1,4,4,15,,,,,,,
OSO AOA 340,1,4,4,16,,,,,,,
OSO AOA 457,1,4,4,17,,,,,,,
OSO AOA 465,1,4,4,18,,,,,,,
UCH OGU Pi241,1,4,4,19,,,,,,,
UCH OGU Pi041,1,4,4,20,,,,,,,
UCH OGU Pi151,1,4,4,21,,,,,,,
E01 17b,1,5,1,1,,,,,,,
E01 36b,1,5,1,2,,,,,,,
E01 76b,1,5,1,3,,,,,,,
E01 11,1,5,1,4,,,,,,,
E01 02,1,5,1,5,,,,,,,
E01 50,1,5,1,6,,,,,,,
E01 058,1,5,1,7,,,,,,,
E00 37,1,5,1,8,,,,,,,
VOA 019,1,5,1,9,,,,,,,
E00 077,1,5,1,10,,,,,,,
VOA 103,1,5,1,11,,,,,,,
E01 13,1,5,1,12,,,,,,,
UCH P0318,1,5,1,13,,,,,,,
UCH P0544Di,1,5,1,14,,,,,,,
UCH P1573,1,5,1,15,,,,,,,
BOX 2,1,5,1,24,,,,,,,
E01 67W,1,5,2,1,,,,,,,
E01 47b,1,5,2,2,,,,,,,
E01 29,1,5,2,3,,,,,,,
E01 36,1,5,2,4,,,,,,,
E01 37,1,5,2,5,,,,,,,
E01 30,1,5,2,6,,,,,,,
E01 67,1,5,2,7,,,,,,,
E00 006,1,5,2,8,,,,,,,
E00 057,1,5,2,9,,,,,,,
E01 006,1,5,2,10,,,,,,,
E01 67W,1,5,2,11,,,,,,,
E01 054,1,5,2,12,,,,,,,
UCH P1593,1,5,2,13,,,,,,,
UCH P1596,1,5,2,14,,,,,,,
GHRU Staph haemolyticus Verified 2,1,5,3,1,,,,,,,
UCH P1625D,1,5,3,4,,,,,,,
UCH P01134,1,5,3,5,,,,,,,
UCH P0495b,1,5,3,6,,,,,,,
UCH P1694a,1,5,3,7,,,,,,,
UCH P1584,1,5,3,8,,,,,,,
UCH P0148a,1,5,3,9,,,,,,,
UCH  P1584,1,5,3,10,,,,,,,
UCH P1579,1,5,3,11,,,,,,,
UCH P1951c,1,5,3,12,,,,,,,
2019 others,1,5,3,13,,,,,,,
UCH OGU P0221b,1,5,3,14,,,,,,,
UCH OGU P0231,1,5,3,15,,,,,,,
LUT 19 BC 447,1,5,3,16,,,,,,,
ILO 19 ET 34,1,5,3,17,,,,,,,
LUT 19 BC 146,1,5,3,18,,,,,,,
LUT 19 BC 261a,1,5,3,19,,,,,,,
ELL N00 129a,1,5,3,20,,,,,,,
ELL N00 119a,1,5,3,21,,,,,,,
LUT 19 BC 101a,1,5,3,22,,,,,,,
LUT 19 BC 101b,1,5,3,23,,,,,,,
LUT 19 BC 139a,1,5,3,24,,,,,,,
UCH P1443,1,5,4,4,,,,,,,
UCH P1625,1,5,4,5,,,,,,,
UCH P1625,1,5,4,6,,,,,,,
UCH P1731,1,5,4,7,,,,,,,
UCH P1919,1,5,4,8,,,,,,,
UCH P1559,1,5,4,9,,,,,,,
UCH P1105,1,5,4,10,,,,,,,
UCH P1191D,1,5,4,11,,,,,,,
UCH P1325,1,5,4,12,,,,,,,
UCH OGU P0105,1,5,4,13,,,,,,,
UCH OGU P0253,1,5,4,14,,,,,,,
LUT 19 BC 465,1,5,4,15,,,,,,,
LUT 19 BC 152,1,5,4,16,,,,,,,
LUT 19 BC 117,1,5,4,17,,,,,,,
LUT 19 BC 300,1,5,4,18,,,,,,,
ELL N00 134bi,1,5,4,19,,,,,,,
LUT 19BC 298a,1,5,4,20,,,,,,,
ELL N00 119b,1,5,4,21,,,,,,,
LUT BC 136a,1,5,4,22,,,,,,,
LUT 19 BC 280b,1,5,4,23,,,,,,,
LUT 19 BC 300,1,5,4,24,,,,,,,
303b,2,1,1,1,,,,,,,
OAU AOA 375,2,1,1,2,,,,,,,
UCH P0265,2,1,1,3,,,,,,,
P2,2,1,1,10,,,,,,,
LUT AMU 2s,2,1,1,13,,,,,,,
LUT AMU 4s,2,1,1,14,,,,,,,
LUT AMU 15Sa,2,1,1,15,,,,,,,
LUT 18 BC 107b,2,1,1,16,,,,,,,
LUT 18 BC 150b,2,1,1,17,,,,,,,
LUT 18 BC 166b,2,1,1,18,,,,,,,
LUT 18 BC 287b,2,1,1,19,,,,,,,
LUT 18 BC 291b,2,1,1,20,,,,,,,
LUT 18 BC 316a,2,1,1,21,,,,,,,
LUT 18 CSF 252b,2,1,1,22,,,,,,,
LUT 18 CSF 449b,2,1,1,23,,,,,,,
LUT 18 BC 223b,2,1,2,1,,,,,,,
lut 18 csf 035a,2,1,2,2,,,,,,,
lut 18 csf 035b,2,1,2,3,,,,,,,
LUT AMU 15sa,2,1,2,13,,,,,,,
LUT AMU 16saii,2,1,2,14,,,,,,,
LUT AMU 25s,2,1,2,15,,,,,,,
LUT 18 BC 167a,2,1,2,16,,,,,,,
LUT 18 BC 170,2,1,2,17,,,,,,,
LUT 18 BC  174a,2,1,2,18,,,,,,,
LUT 18 BC 416B,2,1,2,19,,,,,,,
LUT 18 BC 433a,2,1,2,20,,,,,,,
LUT 18 BC 446a,2,1,2,21,,,,,,,
GHRU 2018 SAU & Enterococci verified,2,1,3,7,,,,,,,
ILO sa  0017,2,1,3,10,,,,,,,
ILO sa 0017 yellow,2,1,3,11,,,,,,,
ILO sa 0020a,2,1,3,12,,,,,,,
Lut BC 17b,2,1,3,13,,,,,,,
Lut bc 044,2,1,3,14,,,,,,,
Lut 406 white,2,1,3,15,,,,,,,
OAU AOA 442,2,1,3,16,,,,,,,
OAU 489,2,1,3,17,,,,,,,
OAU AOA 496,2,1,3,18,,,,,,,
OSO S7 White,2,1,3,19,,,,,,,
OSO  S7 Red,2,1,3,20,,,,,,,
OSO S7 big,2,1,3,21,,,,,,,
UCH P0495,2,1,3,22,,,,,,,
UCH P0524,2,1,3,23,,,,,,,
UCH  PO537,2,1,3,24,,,,,,,
ILO sa 0020b,2,1,4,10,,,,,,,
ILO se  0022b,2,1,4,11,,,,,,,
ILO se 0022b,2,1,4,12,,,,,,,
Lut bc 413,2,1,4,13,,,,,,,
OAU 193,2,1,4,14,,,,,,,
OAU 234,2,1,4,15,,,,,,,
OAU AOA 496b,2,1,4,16,,,,,,,
OAU AOA 513a,2,1,4,17,,,,,,,
OAU AOA 513b,2,1,4,18,,,,,,,
OSO S10,2,1,4,19,,,,,,,
OSO 16a(2),2,1,4,20,,,,,,,
OSO S19b,2,1,4,21,,,,,,,
LUT-BC 227,2,1,4,22,,,,,,,
OAU AOA 532,2,1,4,23,,,,,,,
LUT 18 BC 301b,2,1,4,24,,,,,,,
ILO BC 0017,2,2,1,1,,,,,,,
LUT BC 17b,2,2,1,3,,,,,,,
OAU AOA 041,2,2,1,4,,,,,,,
OAU 075,2,2,1,5,,,,,,,
OAU 081,2,2,1,6,,,,,,,
OAU 161a,2,2,1,7,,,,,,,
OAU 161b,2,2,1,8,,,,,,,
OAU 316b,2,2,1,9,,,,,,,
OAU 472,2,2,1,10,,,,,,,
OAU 484,2,2,1,11,,,,,,,
OAU 485,2,2,1,12,,,,,,,
OSO E2,2,2,1,13,,,,,,,
E2,2,2,1,14,,,,,,,
OSO E2,2,2,1,15,,,,,,,
UCH P0096,2,2,1,17,,,,,,,
UCH P1116,2,2,1,18,,,,,,,
UCH P15792,2,2,1,19,,,,,,,
UCH P1803,2,2,1,20,,,,,,,
UCH P1831,2,2,1,21,,,,,,,
OSO E13,2,2,1,22,,,,,,,
UCH P1291,2,2,1,23,,,,,,,
UCH 1787b,2,2,1,24,,,,,,,
LUT BC 17b2,2,2,2,1,,,,,,,
LUT BC 278,2,2,2,2,,,,,,,
LUT BC 333,2,2,2,3,,,,,,,
OAU 091,2,2,2,4,,,,,,,
OAU 95,2,2,2,5,,,,,,,
OAU 101,2,2,2,6,,,,,,,
OAU 330,2,2,2,7,,,,,,,
OAU 342,2,2,2,8,,,,,,,
342b,2,2,2,9,,,,,,,
OAU 492,2,2,2,10,,,,,,,
OAU 498,2,2,2,11,,,,,,,
OAU 508,2,2,2,12,,,,,,,
OSO E7 small A,2,2,2,13,,,,,,,
OSO E7 small B,2,2,2,14,,,,,,,
OSO E8 nlf,2,2,2,15,,,,,,,
UCH P416 LF,2,2,2,16,,,,,,,
UCH P1282,2,2,2,17,,,,,,,
UCH P1425 flat,2,2,2,18,,,,,,,
UCH P1830,2,2,2,19,,,,,,,
UCH 1861,2,2,2,20,,,,,,,
LUT BC 262,2,2,2,21,,,,,,,
P535C,2,2,2,22,,,,,,,
P1177,2,2,2,23,,,,,,,
ILO bc 0001,2,2,3,10,,,,,,,
ILO 0001,2,2,3,11,,,,,,,
ILO sa 0001 red,2,2,3,12,,,,,,,
ILO bc 0010,2,2,3,13,,,,,,,
ILO bc 0012,2,2,3,14,,,,,,,
LUT bc 417,2,2,3,16,,,,,,,
LUT BC 417,2,2,3,17,,,,,,,
LUT BC 443B,2,2,3,18,,,,,,,
OAU 083,2,2,3,19,,,,,,,
OAU 100,2,2,3,20,,,,,,,
OAU 223,2,2,3,21,,,,,,,
OAU 490,2,2,3,22,,,,,,,
OAU 500,2,2,3,23,,,,,,,
OAU 501,2,2,3,24,,,,,,,
GHRU  2018 KPN Verified,2,2,4,8,,,,,,,
ILO sa  0001 red,2,2,4,10,,,,,,,
ILO sa 0001 White,2,2,4,11,,,,,,,
ILO bc 0003,2,2,4,12,,,,,,,
LUT csf 0006a,2,2,4,13,,,,,,,
LUT bc 068,2,2,4,14,,,,,,,
LUT bc 068a,2,2,4,15,,,,,,,
LUT BC 443B,2,2,4,16,,,,,,,
LUT BC 443B,2,2,4,17,,,,,,,
LUT BC 1273b,2,2,4,18,,,,,,,
OAU 227,2,2,4,19,,,,,,,
OAU 383B,2,2,4,20,,,,,,,
419A,2,2,4,21,,,,,,,
OSO E3,2,2,4,23,,,,,,,
OSO E6 LF,2,2,4,24,,,,,,,
Undocumented,2,3,1,12,,,,,,,
FF IAR-Salmonella 2,2,3,2,4,,,,,,,
Undocumented,2,3,3,15,,,,,,,
FF IAR-Salmonella 4,2,3,4,5,,,,,,,
Undocumented,2,4,1,9,,,,,,,
Undocumented,2,4,1,21,,,,,,,
LUTH 2019 Isolates,2,4,2,3,,,,,,,
LUTH 2019 Isolates,2,4,2,7,,,,,,,
Undocumented,2,4,3,6,,,,,,,
OAUTHC 2019 ISOLATES BOX 2 GHRU 14,2,4,4,2,,,,,,,
CLL 015,2,5,1,1,,,,,,,
CLL 018,2,5,1,2,,,,,,,
CLL 019,2,5,1,3,,,,,,,
CLL 026,2,5,1,4,,,,,,,
CLL 027,2,5,1,5,,,,,,,
CLL 028,2,5,1,6,,,,,,,
CLL 040,2,5,1,7,,,,,,,
CLL 041,2,5,1,8,,,,,,,
CLL 042,2,5,1,9,,,,,,,
CLL 050,2,5,1,10,,,,,,,
CLL 051,2,5,1,11,,,,,,,
CLL 052,2,5,1,12,,,,,,,
CLL 061,2,5,1,13,,,,,,,
CLL 062,2,5,1,14,,,,,,,
CLL 063,2,5,1,15,,,,,,,
CLL 071,2,5,1,16,,,,,,,
CLL 073,2,5,1,17,,,,,,,
CLL 074,2,5,1,18,,,,,,,
CLL 081,2,5,1,19,,,,,,,
CLL 082,2,5,1,20,,,,,,,
CLL 083,2,5,1,21,,,,,,,
CLL 91,2,5,1,22,,,,,,,
CLL 92,2,5,1,23,,,,,,,
CLLL 93,2,5,1,24,,,,,,,
CLL 020,2,5,2,1,,,,,,,
CLL 021,2,5,2,2,,,,,,,
CLL 022,2,5,2,3,,,,,,,
CLL 029,2,5,2,4,,,,,,,
CLL 030,2,5,2,5,,,,,,,
CLL 031,2,5,2,6,,,,,,,
CLL 044,2,5,2,7,,,,,,,
CLL 045,2,5,2,8,,,,,,,
CLL 046,2,5,2,9,,,,,,,
CLL 054,2,5,2,10,,,,,,,
CLL 055,2,5,2,11,,,,,,,
CLL 056,2,5,2,12,,,,,,,
CLL 064,2,5,2,13,,,,,,,
CLL 065,2,5,2,14,,,,,,,
CLL 066,2,5,2,15,,,,,,,
CLL 075,2,5,2,16,,,,,,,
CLL 076,2,5,2,17,,,,,,,
CLL 077,2,5,2,18,,,,,,,
CLL 084,2,5,2,19,,,,,,,
CLL 086,2,5,2,20,,,,,,,
CLL 87,2,5,2,21,,,,,,,
CLL 0XY,2,5,2,22,,,,,,,
CLL 0XYP,2,5,2,23,,,,,,,
ELL 03,2,5,2,24,,,,,,,
ELL 16,2,5,3,10,,,,,,,
CLL 03P,2,5,3,11,,,,,,,
CLL 011P,2,5,3,12,,,,,,,
002BP,2,5,3,13,,,,,,,
004BP,2,5,3,14,,,,,,,
006BP,2,5,3,15,,,,,,,
CLL 191,2,5,3,16,,,,,,,
CLL 190,2,5,3,17,,,,,,,
ELL 42,2,5,3,18,,,,,,,
ELL 077,2,5,3,19,,,,,,,
ELL 045,2,5,3,20,,,,,,,
ELL 068,2,5,3,21,,,,,,,
ELL 053,2,5,3,22,,,,,,,
ELL 070,2,5,3,23,,,,,,,
ELL 072,2,5,3,24,,,,,,,
GHRU 15    2019   KPN   2,2,5,4,7,,,,,,,
CLL 012P,2,5,4,10,,,,,,,
CLL 13P,2,5,4,11,,,,,,,
CLL 14P,2,5,4,12,,,,,,,
ELL 078,2,5,4,13,,,,,,,
ELL 053,2,5,4,14,,,,,,,
ELL 070,2,5,4,15,,,,,,,
ELL 74,2,5,4,16,,,,,,,
ELL 58,2,5,4,17,,,,,,,
ELL 067,2,5,4,18,,,,,,,
ELL 079,2,5,4,19,,,,,,,
ELL 062,2,5,4,20,,,,,,,
CLL 188,2,5,4,21,,,,,,,
ELL 053,2,5,4,22,,,,,,,
ELL 076,2,5,4,23,,,,,,,
ELL 073,2,5,4,24,,,,,,,
LUT-19-BC 631C,3,1,1,1,,,,,,,
LUT-19-BC 644B,3,1,1,2,,,,,,,
LUT-19-CSF 223ai,3,1,1,3,,,,,,,
OAU-AOA 11753,3,1,1,4,,,,,,,
P0089,3,1,1,5,,,,,,,
UCH-OGU-19 P00892,3,1,1,6,,,,,,,
UCH-OGU-19 P1276b,3,1,1,7,,,,,,,
UCH-OGU-19P1755,3,1,1,8,,,,,,,
UCH-OGU-19 P1800a,3,1,1,9,,,,,,,
LUT-19-BC 371a,3,1,1,16,,,,,,,
LUT-19-CSF  220,3,1,1,17,,,,,,,
LUT-19-CSF  254,3,1,1,18,,,,,,,
LUT-19-CSF 223aii,3,1,2,1,,,,,,,
LUT-19-CSF 223bii,3,1,2,2,,,,,,,
CSF 299,3,1,2,3,,,,,,,
UCH-OGU-19 P0763,3,1,2,4,,,,,,,
UCH-OGU-19 P0763b,3,1,2,5,,,,,,,
UCH-OGU-19 P1203,3,1,2,6,,,,,,,
UCH-OGU-19 P1810a,3,1,2,7,,,,,,,
OAU-AOA 15342b,3,1,2,9,,,,,,,
UCH-OGU-19 P01459,3,1,2,16,,,,,,,
UCH-OGU-19 P16689,3,1,2,17,,,,,,,
UCH-OGU-19 P1715a,3,1,2,18,,,,,,,
Undocumented,3,1,4,2,,,,,,,
UCH Staph,3,1,4,3,,,,,,,
Undocumented,3,1,4,14,,,,,,,
Jan-June,3,1,4,15,,,,,,,
June-December,3,1,4,21,,,,,,,
ELL-NOO-20-103aD,3,2,1,1,,,,,,,
ELL 131a,3,2,1,2,,,,,,,
ELL 132C,3,2,1,3,,,,,,,
ELL 9891,3,2,1,4,,,,,,,
ELL 171a,3,2,1,5,,,,,,,
ELL-NOO 172b,3,2,1,6,,,,,,,
ILO-ET-20-016,3,2,1,7,,,,,,,
ILO-ET-20-021a,3,2,1,8,,,,,,,
ILO-ET-20-021b,3,2,1,9,,,,,,,
LK 085b,3,2,1,10,,,,,,,
BC 104b,3,2,1,11,,,,,,,
LUT-BC-20 169bi,3,2,1,12,,,,,,,
OAU 120 2601,3,2,1,13,,,,,,,
2939a,3,2,1,14,,,,,,,
7116,3,2,1,15,,,,,,,
OAU-LT-20 006b,3,2,1,16,,,,,,,
OAU-LT-20 017b,3,2,1,17,,,,,,,
OAU-LT-20 024b,3,2,1,18,,,,,,,
OAU-LT 053,3,2,1,19,,,,,,,
OAU-LT-20-054a,3,2,1,20,,,,,,,
OAU-LT-20-054b,3,2,1,21,,,,,,,
OAU-LT-20 084,3,2,1,22,,,,,,,
OAU-LT 090,3,2,1,23,,,,,,,
OAU-LT 094,3,2,1,24,,,,,,,
ELL 133b,3,2,2,1,,,,,,,
ELL 1366,3,2,2,2,,,,,,,
ELL 137a,3,2,2,3,,,,,,,
Wealth soln!!,3,2,2,4,,,,,,,
ILO-ET-20 0016,3,2,2,5,,,,,,,
BC 04,3,2,2,6,,,,,,,
ILO-ET-20-023,3,2,2,7,,,,,,,
074 LAP,3,2,2,8,,,,,,,
0741 LAP,3,2,2,9,,,,,,,
LUT-BC-20 169bii,3,2,2,10,,,,,,,
BC 220a,3,2,2,11,,,,,,,
BC 324 2D,3,2,2,12,,,,,,,
7139a,3,2,2,13,,,,,,,
OAU-20 R012a,3,2,2,14,,,,,,,
OAU-LT-20 042,3,2,2,15,,,,,,,
OAU-LT-20 031a,3,2,2,16,,,,,,,
OAU-LT-20 032a,3,2,2,17,,,,,,,
OAU-LT-20 039,3,2,2,18,,,,,,,
OAU-LT-20 056b,3,2,2,19,,,,,,,
OAU-LT-20 066a,3,2,2,20,,,,,,,
OAU-LT-20 067bi,3,2,2,21,,,,,,,
OAU-LT-20 104b,3,2,2,22,,,,,,,
OAU-LT-20 107b,3,2,2,23,,,,,,,
OAU-LT-20 110b,3,2,2,24,,,,,,,
OAU-LT-20 122,3,2,3,10,,,,,,,
OAU-LT-20 123b,3,2,3,11,,,,,,,
OAU-LT-20 125,3,2,3,12,,,,,,,
OAU-AOA 30 021,3,2,3,13,,,,,,,
OAU-AOA 032b,3,2,3,14,,,,,,,
OAU-AOA 034a,3,2,3,15,,,,,,,
OAU-AOA-20 056i,3,2,3,16,,,,,,,
OAU-AOA 057,3,2,3,17,,,,,,,
OAU-AOA 057,3,2,3,18,,,,,,,
OAU-AOA 150,3,2,3,19,,,,,,,
OAU-AOA-20 189,3,2,3,20,,,,,,,
OAU-AOA-20 190,3,2,3,21,,,,,,,
OAU-AOA 215,3,2,3,22,,,,,,,
OAU-AOA 220,3,2,3,23,,,,,,,
OAU-AOA 221,3,2,3,24,,,,,,,
2020 ECO 2,3,2,4,9,,,,,,,
OAU-LT-20 133,3,2,4,10,,,,,,,
OAU-LT-20 138,3,2,4,11,,,,,,,
OAU-LT-20 139,3,2,4,12,,,,,,,
OAU-AOA 043,3,2,4,13,,,,,,,
OAU-AOA 045a,3,2,4,14,,,,,,,
OAU-AOA 048,3,2,4,15,,,,,,,
OAU-AOA 075,3,2,4,16,,,,,,,
OAU-AOA 119a,3,2,4,17,,,,,,,
OAU-AOA 123a,3,2,4,18,,,,,,,
OAU-AOA 191,3,2,4,19,,,,,,,
OAU-AOA 192,3,2,4,20,,,,,,,
OAU-AOA 193,3,2,4,21,,,,,,,
OAU-AOA 222,3,2,4,22,,,,,,,
OAU-AOA 223,3,2,4,23,,,,,,,
OAU-AOA 224,3,2,4,24,,,,,,,
ELL 106b,3,3,1,1,,,,,,,
ELL-NOO-20 106bD,3,3,1,2,,,,,,,
ELL 107,3,3,1,3,,,,,,,
ELL-NOO 112,3,3,1,4,,,,,,,
ELL 112D,3,3,1,5,,,,,,,
ELL-NOO 113,3,3,1,6,,,,,,,
ELL 120a,3,3,1,7,,,,,,,
ELL-NOO-20 120aD,3,3,1,8,,,,,,,
ELL 121a,3,3,1,9,,,,,,,
ELL 137b,3,3,1,10,,,,,,,
ELL 139a,3,3,1,11,,,,,,,
ELL 139b,3,3,1,12,,,,,,,
ELL 145,3,3,1,13,,,,,,,
ELL 146,3,3,1,14,,,,,,,
ELL 147,3,3,1,15,,,,,,,
ELL 159,3,3,1,16,,,,,,,
ELL 163a,3,3,1,17,,,,,,,
ELL 164b,3,3,1,18,,,,,,,
ELL 176a,3,3,1,19,,,,,,,
ELL 176b,3,3,1,20,,,,,,,
ELL177a,3,3,1,21,,,,,,,
ILO-ET-20 010,3,3,1,22,,,,,,,
ILO-ET-20 012a,3,3,1,23,,,,,,,
ILO-ET-20 012b,3,3,1,24,,,,,,,
ELL 107D,3,3,2,1,,,,,,,
ELL 108b,3,3,2,2,,,,,,,
ELL-NOO-20 108bD,3,3,2,3,,,,,,,
ELL 133D,3,3,2,4,,,,,,,
ELL 117a,3,3,2,5,,,,,,,
ELL-NOO 117aD,3,3,2,6,,,,,,,
ELL 121aD,3,3,2,7,,,,,,,
ELL 130,3,3,2,8,,,,,,,
ELL 132b,3,3,2,9,,,,,,,
ELL 140,3,3,2,10,,,,,,,
ELL 141a,3,3,2,11,,,,,,,
ELL 141b,3,3,2,12,,,,,,,
ELL 148,3,3,2,13,,,,,,,
ELL 149,3,3,2,14,,,,,,,
ELL 150a,3,3,2,15,,,,,,,
ELL 166a,3,3,2,16,,,,,,,
ELL 166b,3,3,2,17,,,,,,,
ELL 168a,3,3,2,18,,,,,,,
ELL-NOO-20 200bi,3,3,2,19,,,,,,,
ELL-NOO-20-205,3,3,2,20,,,,,,,
ILO-ET-20 004a,3,3,2,21,,,,,,,
ILO-ET-20 015b,3,3,2,22,,,,,,,
ILO-AC-20 003b,3,3,2,23,,,,,,,
ILO-AC-20 004a,3,3,2,24,,,,,,,
BP 0772,3,3,3,10,,,,,,,
7057 BPL,3,3,3,11,,,,,,,
076a CLL,3,3,3,12,,,,,,,
CLL K224,3,3,3,13,,,,,,,
CLL K225,3,3,3,14,,,,,,,
CLL K226,3,3,3,15,,,,,,,
CLL 305,3,3,3,16,,,,,,,
CLL 307,3,3,3,17,,,,,,,
CLL 307D,3,3,3,18,,,,,,,
CLL 316,3,3,3,19,,,,,,,
CLL 318,3,3,3,20,,,,,,,
CLL 320,3,3,3,21,,,,,,,
CLL 332,3,3,3,22,,,,,,,
CLL 333,3,3,3,23,,,,,,,
CLL 333D,3,3,3,24,,,,,,,
2020 KPN 1,3,3,4,8,,,,,,,
CLL 205,3,3,4,10,,,,,,,
CLL 211,3,3,4,11,,,,,,,
CLL K217,3,3,4,12,,,,,,,
CLL K227,3,3,4,13,,,,,,,
CLL K228,3,3,4,14,,,,,,,
CLL K229,3,3,4,15,,,,,,,
CLL 308,3,3,4,16,,,,,,,
CLL 309,3,3,4,17,,,,,,,
CLL 311,3,3,4,18,,,,,,,
CLL 322,3,3,4,19,,,,,,,
CLL 325,3,3,4,20,,,,,,,
CLL 328,3,3,4,21,,,,,,,
CLL 334a,3,3,4,22,,,,,,,
CLL 334D,3,3,4,23,,,,,,,
CLL 335,3,3,4,24,,,,,,,
CLL 206,3,4,1,4,,,,,,,
CLL 303,3,4,1,5,,,,,,,
ELL-NOO-20 81bi,3,4,1,6,,,,,,,
ELL 114b,3,4,1,7,,,,,,,
ELL 155,3,4,1,8,,,,,,,
ELL 151b,3,4,1,9,,,,,,,
OAU-20 595ia,3,4,1,10,,,,,,,
OAU-LT-20 116,3,4,1,11,,,,,,,
OAU-LT-20 105bia,3,4,1,12,,,,,,,
UCH-OGU-20 P025b,3,4,1,13,,,,,,,
UCH-OGU-20 P0241,3,4,1,14,,,,,,,
UCH-OGU-20 P0241D,3,4,1,15,,,,,,,
ELL 83,3,4,2,4,,,,,,,
ELL-NOO-20 83b,3,4,2,5,,,,,,,
ELL-NOO 92,3,4,2,6,,,,,,,
ELL 164a,3,4,2,7,,,,,,,
ELL 171b,3,4,2,8,,,,,,,
ELL 172a,3,4,2,9,,,,,,,
OAU-LT-20 105bib,3,4,2,10,,,,,,,
OAU-OA 013,3,4,2,11,,,,,,,
OAU 034b,3,4,2,12,,,,,,,
OAU-OA 052,3,4,2,14,,,,,,,
OAU-WD-20 086b,3,4,3,1,,,,,,,
OAU-WD-091,3,4,3,2,,,,,,,
OAU-WD-20 092b,3,4,3,3,,,,,,,
OAU-WD-20 113a,3,4,3,4,,,,,,,
OAU-WD-20 113b,3,4,3,5,,,,,,,
OAU-WD-113,3,4,3,6,,,,,,,
UCH-OGU-20 P0160,3,4,3,7,,,,,,,
UCH-OGU-20 P0904bii,3,4,3,8,,,,,,,
UCH-OGU-20 P0965b,3,4,3,9,,,,,,,
OAU-WD-093b,3,4,4,1,,,,,,,
OAU-WD-20 108a,3,4,4,2,,,,,,,
OAU-WD-109,3,4,4,3,,,,,,,
OAU-WD-20-177b,3,4,4,4,,,,,,,
OAU-WD-20-119a,3,4,4,5,,,,,,,
OAU-WD-121,3,4,4,6,,,,,,,
UCH-OGU-20 P1020,3,4,4,7,,,,,,,
ELL 15C,3,4,4,9,,,,,,,
ILO-AC-20 003a,3,5,1,1,,,,,,,
AC 005,3,5,1,2,,,,,,,
ILO-AC-20,3,5,1,3,,,,,,,
OAU-LT 160,3,5,1,4,,,,,,,
LT-OAU 177,3,5,1,5,,,,,,,
OA 209,3,5,1,6,,,,,,,
UCH-OGU-20 P01215a,3,5,1,7,,,,,,,
UCH-OGU-20 P0782,3,5,1,8,,,,,,,
Adeyegbe,3,5,1,10,,,,,,,
ELL 85b,3,5,1,11,,,,,,,
85bD-NOO ELL,3,5,1,12,,,,,,,
PS 503,3,5,1,13,,,,,,,
PS 004,3,5,1,14,,,,,,,
PS 005,3,5,1,15,,,,,,,
PS 012,3,5,1,16,,,,,,,
PS 014,3,5,1,17,,,,,,,
ILO-BC-20/ lut 392,3,5,1,18,,,,,,,
OAU-AOA 032a,3,5,1,19,,,,,,,
OA 035,3,5,1,20,,,,,,,
OAU-AOA-20 090,3,5,1,21,,,,,,,
ILO-AC-20,3,5,2,1,,,,,,,
AC 009,3,5,2,2,,,,,,,
ILO-AC-20,3,5,2,3,,,,,,,
OA 038,3,5,2,4,,,,,,,
OAU OA 038D,3,5,2,5,,,,,,,
OAU-AOA 066a,3,5,2,6,,,,,,,
ELL -NOO-20 91aii,3,5,2,9,,,,,,,
ELL 101,3,5,2,10,,,,,,,
ELL-NOO 101D,3,5,2,11,,,,,,,
ELL-NOO-20 106a,3,5,2,12,,,,,,,
PS 006,3,5,2,13,,,,,,,
PS 007,3,5,2,14,,,,,,,
PS 008,3,5,2,15,,,,,,,
OAU-AOA-20 3542b,3,5,2,16,,,,,,,
OAU-LT-20 121b,3,5,2,17,,,,,,,
OAU-LT-20 107a,3,5,2,18,,,,,,,
OAU-OA-20 244,3,5,2,19,,,,,,,
OAU-OA-20 2610,3,5,2,20,,,,,,,
OAU-WD 068,3,5,2,21,,,,,,,
CLL 317,3,5,3,7,,,,,,,
ELL 99a,3,5,3,8,,,,,,,
ILO-ET-20 009b,3,5,3,9,,,,,,,
ILO-ET-20 005a,3,5,3,10,,,,,,,
ILO-ET-20 005b,3,5,3,11,,,,,,,
ILO-ET-20 005bD,3,5,3,12,,,,,,,
ELL-NOO 95ai,3,5,3,13,,,,,,,
ELL-NOO 95aii,3,5,3,14,,,,,,,
ELL-NOO 2099a,3,5,3,15,,,,,,,
ELL 106a,3,5,3,16,,,,,,,
DTU-EQA 23-001,3,5,3,22,,,,,,,
DTU-EQA 23-002,3,5,3,23,,,,,,,
DTU-EQA 23-003,3,5,3,24,,,,,,,
"2020 SAL 1 SAL,SDA,STY,CFR,CYO,CKO",3,5,4,5,,,,,,,
BC 461a,3,5,4,7,,,,,,,
UCH-OGU-20 P0644,3,5,4,8,,,,,,,
ILO-ET-20 014a,3,5,4,10,,,,,,,
OAU-ET-20/ ILO-020,3,5,4,11,,,,,,,
ELL-NOO 106a,3,5,4,13,,,,,,,
LUT-20 015B,3,5,4,14,,,,,,,
SS 344,3,5,4,15,,,,,,,
LKO 083,3,5,4,17,,,,,,,
DTU-EQA 23-004,3,5,4,22,,,,,,,
DTU-EQA 23-005,3,5,4,23,,,,,,,
DTU-EQA 23-006,3,5,4,24,,,,,,,
